MemberName,LookupName
"Thompson, Darrall","THOMPSON, D. G."
"Thompson, Darrall","THOMPSON, DARRALL"
"Thompson, Darrall","THOMPSON, DARRALL G."
"Buckingham Shum, Simon","BUCKINGHAM SHUM, SIMON J."
"Buckingham Shum, Simon","SHUM, SIMON J BUCKINGHAM"
"Buckingham Shum, Simon","SHUM, SIMON J. BUCKINGHAM"
"Buckingham Shum, Simon","SHUM, S. J. BUCKINGHAM"
"Buckingham Shum, Simon","SHUM, S. BUCKINGHAM"
"Buckingham Shum, Simon","SHUM, SIMON"
"Buckingham Shum, Simon","SHUM, SIMON BUCKINGHAM"
"Buckingham Shum, Simon","BUCKINGHAM SHUM, S."
"Buckingham Shum, Simon","Buckingham Shum, S."
"Shibani, Antonette","SHIBANI, A."
"Shibani, Antonette","SHIBANI, ANTONETTE"
"Shibani, Antonette","ANTONETTE, SHIBANI"
"Shuck, Sandy","SCHUCK, S."
"Shuck, Sandy","SCHUCK, SANDRA"
"Shuck, Sandy","SCHUCK, SANDRA R."
"Shuck, Sandy","SCHUCK, SANDY"
"Pressick-Kilborn, Kimberley","PRESSICK-KILBORN, KIMBERLEY"
"Prescott, Anne","PRESCOTT, ANNE E"
"Palmer, Tracey-Ann","PALMER, TRACEY-ANN"
"Palmer, Tracey-Ann","PALMER, TA"
"Kozanoglu Cetindamar, Dilek","KOZANOGLU, DILEK CETINDAMAR"
"Kozanoglu Cetindamar, Dilek","KOZANOGLU, DILEK"
"Kozanoglu Cetindamar, Dilek","CETINDAMAR, DILEK"
"Kozanoglu Cetindamar, Dilek","CETINDAMAR, DILEK K"
"Kozanoglu Cetindamar, Dilek","CETINDAMAR, DILEK KOZANOGLU"
"Kozanoglu Cetindamar, Dilek","ÇETINDAMAR, DILEK"
"Kozanoglu Cetindamar, Dilek","CETINDAMAR, D."
"Knight, Simon","KNIGHT, S."
"Knight, Simon","KNIGHT, SIMON"
"Kearney, Matthew","KEARNEY, MATTHEW"
"Kearney, Matthew","KEARNEY, M."
"Hunter, Jane","HUNTER, JANE LOUISE"
"Buchanan, John","BUCHANAN, JOHN D."
"Aubusson, Peter","AUBUSSON, PETER J"
"Aubusson, Peter","AUBUSSON, PETER J."
